Student_ID,Student_Name,Attendance,Study_Hours,Assignment_Score,Internal_Marks,Previous_Sem_Marks,Final_Marks
25DS01,Yash Khan,66,4.8,70,64,63,75
25DS02,Irfan Joshi,70,4.2,57,51,60,62
25DS03,Kabir Ansari,66,4.0,96,94,89,90
25DS04,Vivek Ansari,82,5.1,55,60,82,77
25DS05,Rohan Shaikh,86,2.0,79,56,77,77
25DS06,Sara Singh,67,4.8,89,57,79,76
25DS07,Zaid Qureshi,88,4.1,59,52,69,74
25DS08,Aditya Qureshi,79,5.4,79,67,84,87
25DS09,Sana Patil,88,3.1,97,67,59,79
25DS10,Ahmed Deshmukh,80,2.2,79,67,95,83
25DS11,Faizan Mehta,85,5.3,58,64,57,76
25DS12,Arjun Singh,69,2.4,91,95,75,80
25DS13,Alisha Gupta,94,2.1,63,65,90,78
25DS14,Sameer Ansari,92,5.5,80,73,69,90
25DS15,Rohan Deshmukh,96,1.9,58,57,64,68
25DS16,Arman Mehta,92,4.2,79,74,93,94
25DS17,Kabir Singh,65,4.6,62,93,89,88
25DS18,Pooja Mehta,86,2.0,82,60,84,72
25DS19,Sameer Pawar,81,5.9,66,82,61,85
25DS20,Zaid Qureshi,97,4.2,64,73,65,79
25DS21,Pooja Pawar,98,5.6,93,70,86,89
25DS22,Zoya Sheikh,84,2.6,70,86,60,71
25DS23,Alisha Qureshi,69,5.9,89,58,63,80
25DS24,Hina Patil,81,3.9,93,77,68,87
25DS25,Pooja Joshi,77,4.7,80,92,78,87
25DS26,Kabir Verma,72,2.6,59,71,56,67
25DS27,Faizan Ansari,79,1.5,95,53,69,67
25DS28,Aisha Qureshi,86,1.8,70,67,86,74
25DS29,Rohan Joshi,95,2.6,85,76,67,76
25DS30,Irfan Gupta,87,3.4,84,53,61,68
25DS31,Sameer Sheikh,71,2.6,67,84,83,75
25DS32,Ahmed Singh,94,2.6,59,78,90,78
25DS33,Yash Deshmukh,65,5.9,70,60,81,80
25DS34,Ananya Qureshi,90,5.6,65,74,55,83
25DS35,Priya Pawar,94,2.8,90,92,86,87
25DS36,Zaid Shaikh,68,4.1,89,53,75,72
25DS37,Kunal Verma,97,5.6,88,60,58,86
25DS38,Aditya Qureshi,76,1.8,59,93,70,73
25DS39,Om Ansari,80,4.1,57,89,60,75
25DS40,Kunal Ansari,98,2.9,71,63,75,75
25DS41,Arjun Patil,84,3.6,59,50,84,75
25DS42,Kunal Khan,69,3.9,87,66,63,79
25DS43,Om Khan,80,3.2,65,78,89,84
25DS44,Sara Mali,98,1.5,90,69,61,79
25DS45,Rohan Singh,72,5.5,90,59,72,79
25DS46,Ananya Joshi,86,2.4,95,66,87,83
25DS47,Om Pawar,68,1.9,82,67,57,62
25DS48,Pooja Patil,81,2.2,83,85,82,83
25DS49,Fatima Khan,74,4.0,78,87,90,84
25DS50,Rohan Sharma,84,3.1,57,72,68,74
25DS51,Irfan Khan,87,5.0,81,89,64,90
25DS52,Faizan Qureshi,75,5.9,66,76,56,74
25DS53,Zoya Sheikh,91,5.1,70,67,65,82
25DS54,Fatima Gupta,67,5.4,69,62,84,79
25DS55,Nikhil Mali,79,2.5,97,62,80,78
25DS56,Ayesha Khan,82,3.1,87,75,89,84
25DS57,Aarav Khan,81,2.3,71,52,61,67
25DS58,Sana Joshi,85,3.5,87,57,79,83
25DS59,Ananya Singh,67,4.7,55,83,89,84
25DS60,Sameer Joshi,77,3.1,59,92,76,80
25DS61,Irfan Qureshi,72,4.7,74,82,74,84
25DS62,Rahul Gupta,83,4.0,67,76,79,83
25DS63,Om Patil,84,3.3,55,69,73,71
25DS64,Arman Ansari,85,3.6,83,93,68,85
25DS65,Arman Pawar,75,4.5,73,82,95,90
25DS66,Aditya Qureshi,80,4.5,69,62,64,69
25DS67,Faizan Verma,69,3.5,95,86,67,84
25DS68,Arjun Verma,90,2.6,96,94,55,86
25DS69,Ayesha Mali,71,5.0,69,61,88,80
25DS70,Hina Shaikh,72,3.6,84,92,88,93
25DS71,Sara Sheikh,93,4.3,87,77,90,91
25DS72,Ahmed Joshi,95,3.5,70,90,72,87
25DS73,Kabir Verma,80,2.7,59,95,73,76
25DS74,Rahul Sheikh,70,2.1,69,74,64,71
25DS75,Aditya Gupta,91,3.0,84,76,58,74
25DS76,Mariam Gupta,66,5.4,91,74,85,83
25DS77,Sana Singh,89,5.3,81,84,89,96
25DS78,Om Shaikh,96,2.5,82,81,56,76
25DS79,Irfan Mehta,90,4.8,84,58,94,88
25DS80,Zoya Gupta,66,1.9,82,58,84,70
25DS81,Priya Gupta,85,2.5,75,71,79,76
25DS82,Nikhil Gupta,81,5.3,85,51,89,80
25DS83,Sana Shaikh,69,5.0,96,52,56,78
25DS84,Ananya Qureshi,66,4.3,70,58,85,78
25DS85,Kunal Shaikh,94,4.6,78,60,93,88
25DS86,Sameer Joshi,72,5.0,65,69,61,75
25DS87,Zoya Singh,89,3.3,67,54,92,81
25DS88,Yash Shaikh,71,4.6,74,93,93,93
25DS89,Arman Ansari,67,3.1,82,92,78,78
25DS90,Yash Sheikh,65,5.3,86,56,82,85
25DS91,Yash Pawar,94,4.7,82,61,88,91
25DS92,Priya Ansari,95,3.6,92,67,75,87
25DS93,Nikhil Pawar,70,2.8,83,65,84,78
25DS94,Irfan Gupta,86,1.6,75,61,86,73
25DS95,Arman Singh,86,2.8,93,94,72,87
25DS96,Kabir Shaikh,70,2.6,81,81,90,85
25DS97,Neha Verma,96,3.5,56,55,73,70
25DS98,Neha Shaikh,84,4.5,78,80,90,89
25DS99,Mariam Joshi,86,3.1,84,67,74,76
25DS100,Fatima Joshi,77,2.9,89,94,66,79
